Workbook
Name Slicer_Category: #N/A
Name Slicer_Column1: #N/A
Name Slicer_Month: #N/A
Name Slicer_Product: #N/A
Name Slicer_Region: #N/A

Sheet Raw Data
A1: Date | B1: First Name | C1: Last Name | D1: Product | E1: Category | F1: Region | G1: Units Sold | H1: Unit Price (₹) | I1: Total Sales (₹)
A2: 45742 | B2: neha | C2: VERMA | D2: STEEL TABLE | E2: Metal | F2: gujarat | G2: 14 | H2: 4560 | I2: 63840
A3: 45620 | B3: PRIYA | C3: joshi | D3: Bed Frame | E3: Furniture | F3: Maharashtra | G3: 15 | H3: 22675 | I3: 340125
A4: 45421 | B4: Priya | C4: KUMAR | D4: Aluminium frame | E4: Metal | F4: Delhi | G4: 3 | H4: 8545 | I4: 25635
A5: 45703 | B5: NEHA | C5: Verma | D5: Steel table | E5: metal | F5: maharashtra | G5: 10 | H5: 15156 | I5: 151560
A6: 45537 | B6: priya | C6: Singh | D6: Wardrobe | E6: Furniture | F6: tamil nadu | G6: 4 | H6: 4307 | I6: 17228
A7: 45585 | B7: Anil | C7: SINGH | D7: Iron Rack | E7: Metal | F7: Gujarat | G7: 24 | H7: 19194 | I7: 460656
A8: 45715 | B8: amit | C8: Patel | D8: WOODEN CHAIR | E8: furniture | F8: Gujarat | G8: 1 | H8: 21159 | I8: 21159
A9: 45464 | B9: Anil | C9: Patel | D9: COPPER SHELF | E9: METAL | F9: Tamil Nadu | G9: 25 | H9: 17881 | I9: 447025
A10: 45699 | B10: Sneha | C10: Joshi | D10: coffee table | E10: Furniture | F10: tamil nadu | G10: 19 | H10: 14851 | I10: 282169
A11: 45661 | B11: ANIL | C11: singh | D11: sofa set | E11: Furniture | F11: Punjab | G11: 2 | H11: 6236 | I11: 12472
A12: 45520 | B12: Sneha | C12: Thakur | D12: sofa set | E12: FURNITURE | F12: RAJASTHAN | G12: 9 | H12: 6747 | I12: 60723
A13: 45543 | B13: vikas | C13: Sharma | D13: ALUMINIUM FRAME | E13: METAL | F13: West bengal | G13: 19 | H13: 7028 | I13: 133532
... A141: 45588 | B141: Meena | C141: KUMAR | D141: STEEL TABLE | E141: Metal | F141: MAHARASHTRA | G141: 5 | H141: 19243 | I141: 96215

Sheet Clean Data
A1: Date | B1: Name | C1: Product | D1: Category | E1: Region | F1: Units Sold | G1: Unit Price (₹) | H1: Total Sales (₹) | I1: Month
A2: 45377 | B2: Neha Verma | C2: Steel Table | D2: Metal | E2: Gujarat | F2: 14 | G2: 4560 | H2: =F2*G2 -> 63840 | I2: =TEXT(A2,"mmmm") -> March
A3: 45620 | B3: Priya Joshi | C3: Bed Frame | D3: Furniture | E3: Maharashtra | F3: 5 | G3: 22675 | H3: =F3*G3 -> 113375 | I3: =TEXT(A3,"mmmm") -> November
A4: 45421 | B4: Priya Kumar | C4: Aluminium Frame | D4: Metal | E4: Delhi | F4: 3 | G4: 8545 | H4: =F4*G4 -> 25635 | I4: =TEXT(A4,"mmmm") -> May
A5: 45703 | B5: Neha Verma | C5: Steel Table | D5: Metal | E5: Maharashtra | F5: 10 | G5: 15156 | H5: =F5*G5 -> 151560 | I5: =TEXT(A5,"mmmm") -> February
A6: 45537 | B6: Priya Singh | C6: Wardrobe | D6: Furniture | E6: Tamil Nadu | F6: 4 | G6: 4307 | H6: =F6*G6 -> 17228 | I6: =TEXT(A6,"mmmm") -> September
A7: 45585 | B7: Anil Singh | C7: Iron Rack | D7: Metal | E7: Gujarat | F7: 24 | G7: 19194 | H7: =F7*G7 -> 460656 | I7: =TEXT(A7,"mmmm") -> October
A8: 45715 | B8: Amit Patel | C8: Wooden Chair | D8: Furniture | E8: Gujarat | F8: 1 | G8: 21159 | H8: =F8*G8 -> 21159 | I8: =TEXT(A8,"mmmm") -> February
A9: 45464 | B9: Anil Patel | C9: Copper Shelf | D9: Metal | E9: Tamil Nadu | F9: 25 | G9: 17881 | H9: =F9*G9 -> 447025 | I9: =TEXT(A9,"mmmm") -> June
A10: 45699 | B10: Sneha Joshi | C10: Coffee Table | D10: Furniture | E10: Tamil Nadu | F10: 19 | G10: 14851 | H10: =F10*G10 -> 282169 | I10: =TEXT(A10,"mmmm") -> February
A11: 45661 | B11: Anil Singh | C11: Sofa Set | D11: Furniture | E11: Punjab | F11: 2 | G11: 6236 | H11: =F11*G11 -> 12472 | I11: =TEXT(A11,"mmmm") -> January
A12: 45520 | B12: Sneha Thakur | C12: Sofa Set | D12: Furniture | E12: Rajasthan | F12: 9 | G12: 6747 | H12: =F12*G12 -> 60723 | I12: =TEXT(A12,"mmmm") -> August
A13: 45543 | B13: Vikas Sharma | C13: Aluminium Frame | D13: Metal | E13: West Bengal | F13: 19 | G13: 7028 | H13: =F13*G13 -> 133532 | I13: =TEXT(A13,"mmmm") -> September
... A141: 45588 | B141: Meena Kumar | C141: Steel Table | D141: Metal | E141: Maharashtra | F141: 5 | G141: 19243 | H141: =F141*G141 -> 96215 | I141: =TEXT(A141,"mmmm") -> October

Sheet Calculation
A1: Summary | B1: Total | D1: Sales By Region | G1: Sales by Product | J1: Average Unit Price per Category
A2: Total Sales | B2: =SUMIF('Clean Data'!H2:H141,">0") -> 25569819 | D2: Region | E2: Total | G2: Product | H2: Total | J2: Category | K2: Total
A3: Average Per Order | B3: =AVERAGEIF('Clean Data'!H2:H141,">0") -> 182641.56 | D3: Haryana | E3: =SUMIF('Clean Data'!E2:E141,"Haryana",'Clean Data'!H2:H141) -> 2224992 | G3: Aluminium Frame | H3: =SUMIF('Clean Data'!C2:C141,Calculation!G3,'Clean Data'!H2:H141) -> 1988223 | J3: Furniture | K3: =AVERAGEIF('Clean Data'!D2:D141,Calculation!J3,'Clean Data'!G2:G141) -> 13691.254
A4: Total Units Sold | B4: =SUMIF('Clean Data'!F2:F141,">0") -> 1875 | D4: Gujarat | E4: =SUMIF('Clean Data'!E2:E141,"Gujarat",'Clean Data'!H2:H141) -> 3472698 | G4: Bed Frame | H4: =SUMIF('Clean Data'!C2:C141,Calculation!G4,'Clean Data'!H2:H141) -> 2921225 | J4: Metal | K4: =AVERAGEIF('Clean Data'!D2:D141,Calculation!J4,'Clean Data'!G2:G141) -> 13744.096
A5: Maximum Sale | B5: =MAX('Clean Data'!H2:H141) -> 570725 | D5: Maharashtra | E5: =SUMIF('Clean Data'!E2:E141,"Maharashtra",'Clean Data'!H2:H141) -> 2519188 | G5: Bookshelf | H5: =SUMIF('Clean Data'!C2:C141,Calculation!G5,'Clean Data'!H2:H141) -> 1605258 | J5: Total | K5: =SUM(K3:K4) -> 27435.35
A6: Minimum Sale | B6: =MIN('Clean Data'!H2:H141) -> 2307 | D6: Delhi | E6: =SUMIF('Clean Data'!E2:E141,Calculation!D6,'Clean Data'!H2:H141) -> 3056764 | G6: Coffee Table | H6: =SUMIF('Clean Data'!C2:C141,Calculation!G6,'Clean Data'!H2:H141) -> 1504929
A7: Sales by Metal | B7: =SUMIF('Clean Data'!D2:D141,"Metal",'Clean Data'!H2:H141) -> 13557066 | D7: Tamil Nadu | E7: =SUMIF('Clean Data'!E2:E141,Calculation!D7,'Clean Data'!H2:H141) -> 7163133 | G7: Copper Shelf | H7: =SUMIF('Clean Data'!C2:C141,Calculation!G7,'Clean Data'!H2:H141) -> 2304693
A8: Sales by Furniture | B8: =SUMIF('Clean Data'!D2:D141,"Furniture",'Clean Data'!H2:H141) -> 12012753 | D8: Punjab | E8: =SUMIF('Clean Data'!E2:E141,Calculation!D8,'Clean Data'!H2:H141) -> 1392735 | G8: Dining Table | H8: =SUMIF('Clean Data'!C2:C141,Calculation!G8,'Clean Data'!H2:H141) -> 1456575
D9: West Bengal | E9: =SUMIF('Clean Data'!E2:E141,Calculation!D9,'Clean Data'!H2:H141) -> 3855288 | G9: Iron Bed | H9: =SUMIF('Clean Data'!C2:C141,Calculation!G9,'Clean Data'!H2:H141) -> 1805653
D10: Rajasthan | E10: =SUMIF('Clean Data'!E2:E141,Calculation!D10,'Clean Data'!H2:H141) -> 1885021 | G10: Iron Rack | H10: =SUMIF('Clean Data'!C2:C141,Calculation!G10,'Clean Data'!H2:H141) -> 1242730
D11: Total | E11: =SUM(E3:E10) -> 25569819 | G11: Metal Chair | H11: =SUMIF('Clean Data'!C2:C141,Calculation!G11,'Clean Data'!H2:H141) -> 2890723
G12: Sofa Set | H12: =SUMIF('Clean Data'!C2:C141,Calculation!G12,'Clean Data'!H2:H141) -> 1030457
A13: Profits(20% of sale) | B13: =B2*0.2 -> 5113963.8 | G13: Steel Table | H13: =SUMIF('Clean Data'!C2:C141,Calculation!G13,'Clean Data'!H2:H141) -> 3325044
G14: Tv Unit | H14: =SUMIF('Clean Data'!C2:C141,Calculation!G14,'Clean Data'!H2:H141) -> 1989375
G15: Wardrobe | H15: =SUMIF('Clean Data'!C2:C141,Calculation!G15,'Clean Data'!H2:H141) -> 1008179
G16: Wooden Chair | H16: =SUMIF('Clean Data'!C2:C141,Calculation!G16,'Clean Data'!H2:H141) -> 496755
G17: Total | H17: =SUM(H3:H16) -> 25569819

Sheet KPI_pivot
A3: Sum of Total Sales (₹)
A4: 25569819
A6: Sum of Units Sold
A7: 1875
A9: Average of Total Sales (₹)
A10: 182641.56
A12: Max of Total Sales (₹)
A13: 570725
A15: Min of Total Sales (₹)
A16: 2307
A18: Count of Name
A19: 140
A21: Row Labels | B21: Sum of Total Sales (₹)
A22: Aluminium Frame | B22: 1988223
A23: Bed Frame | B23: 2921225
A24: Bookshelf | B24: 1605258
A25: Coffee Table | B25: 1504929
A26: Copper Shelf | B26: 2304693
A27: Dining Table | B27: 1456575
A28: Iron Bed | B28: 1805653
A29: Iron Rack | B29: 1242730
A30: Metal Chair | B30: 2890723
A31: Sofa Set | B31: 1030457
A32: Steel Table | B32: 3325044
A33: Tv Unit | B33: 1989375
... A36: Grand Total | B36: 25569819

Sheet pivot_dash
I1: Row Labels | J1: Sum of Total Sales (₹) | L1: Row Labels | M1: Sum of Units Sold
I2: Furniture | J2: 12012753 | L2: Delhi | M2: 237 | O2: Column1 | P2: Column2
A3: Row Labels | B3: Sum of Total Sales (₹) | I3: Metal | J3: 13557066 | L3: Gujarat | M3: 284 | O3: Delhi | P3: 237
A4: January | B4: 1307843 | I4: Grand Total | J4: 25569819 | L4: Haryana | M4: 134 | O4: Gujarat | P4: 284
A5: February | B5: 1633335 | L5: Maharashtra | M5: 212 | O5: Haryana | P5: 134
A6: March | B6: 2365233 | L6: Punjab | M6: 157 | O6: Maharashtra | P6: 212
A7: April | B7: 753803 | L7: Rajasthan | M7: 137 | O7: Punjab | P7: 157
A8: May | B8: 1055773 | I8: Row Labels | J8: Sum of Total Sales (₹) | L8: Tamil Nadu | M8: 467 | O8: Rajasthan | P8: 137
A9: June | B9: 2567609 | I9: Steel Table | J9: 3325044 | L9: West Bengal | M9: 247 | O9: Tamil Nadu | P9: 467
A10: July | B10: 1688568 | I10: Bed Frame | J10: 2921225 | L10: Grand Total | M10: 1875 | O10: West Bengal | P10: 247
A11: August | B11: 3015517 | I11: Metal Chair | J11: 2890723
A12: September | B12: 3272400 | I12: Copper Shelf | J12: 2304693
A13: October | B13: 1922375 | I13: Tv Unit | J13: 1989375
A14: November | B14: 2326028 | I14: Aluminium Frame | J14: 1988223
A15: December | B15: 3661335 | I15: Iron Bed | J15: 1805653
A16: Grand Total | B16: 25569819 | I16: Bookshelf | J16: 1605258
I17: Coffee Table | J17: 1504929
I18: Dining Table | J18: 1456575
I19: Iron Rack | J19: 1242730
I20: Sofa Set | J20: 1030457
I21: Wardrobe | J21: 1008179
I22: Wooden Chair | J22: 496755
I23: Grand Total | J23: 25569819

Sheet Dashboard
